{
    "name": "IcosphereGeometry",
    "faces": [32,0,13,12,0,1,2,32,1,13,15,3,1,4,32,0,12,17,0,2,5,32,0,17,19,0,5,6,32,0,19,16,0,6,7,32,1,15,22,3,4,8,32,2,14,24,9,10,11,32,3,18,26,12,13,14,32,4,20,28,15,16,17,32,5,21,30,18,19,20,32,1,22,25,3,8,21,32,2,24,27,9,11,22,32,3,26,29,12,14,23,32,4,28,31,15,17,24,32,5,30,23,18,20,25,32,6,32,37,26,27,28,32,7,33,39,29,30,31,32,8,34,40,32,33,34,32,9,35,41,35,36,37,32,10,36,38,38,39,40,32,38,41,11,40,37,41,32,38,36,41,40,39,37,32,36,9,41,39,35,37,32,41,40,11,37,34,41,32,41,35,40,37,36,34,32,35,8,40,36,32,34,32,40,39,11,34,31,41,32,40,34,39,34,33,31,32,34,7,39,33,29,31,32,39,37,11,31,28,41,32,39,33,37,31,30,28,32,33,6,37,30,26,28,32,37,38,11,28,40,41,32,37,32,38,28,27,40,32,32,10,38,27,38,40,32,23,36,10,25,39,38,32,23,30,36,25,20,39,32,30,9,36,20,35,39,32,31,35,9,24,36,35,32,31,28,35,24,17,36,32,28,8,35,17,32,36,32,29,34,8,23,33,32,32,29,26,34,23,14,33,32,26,7,34,14,29,33,32,27,33,7,22,30,29,32,27,24,33,22,11,30,32,24,6,33,11,26,30,32,25,32,6,21,27,26,32,25,22,32,21,8,27,32,22,10,32,8,38,27,32,30,31,9,20,24,35,32,30,21,31,20,19,24,32,21,4,31,19,15,24,32,28,29,8,17,23,32,32,28,20,29,17,16,23,32,20,3,29,16,12,23,32,26,27,7,14,22,29,32,26,18,27,14,13,22,32,18,2,27,13,9,22,32,24,25,6,11,21,26,32,24,14,25,11,10,21,32,14,1,25,10,3,21,32,22,23,10,8,25,38,32,22,15,23,8,4,25,32,15,5,23,4,18,25,32,16,21,5,7,19,18,32,16,19,21,7,6,19,32,19,4,21,6,15,19,32,19,20,4,6,16,15,32,19,17,20,6,5,16,32,17,3,20,5,12,16,32,17,18,3,5,13,12,32,17,12,18,5,2,13,32,12,2,18,2,9,13,32,15,16,5,4,7,18,32,15,13,16,4,1,7,32,13,0,16,1,0,7,32,12,14,2,2,10,9,32,12,13,14,2,1,10,32,13,1,14,1,3,10],
    "metadata": {
        "faces": 80,
        "normals": 42,
        "vertices": 42,
        "type": "Geometry",
        "uvs": 0,
        "version": 3,
        "generator": "io_three"
    },
    "vertices": [-0.002275,-0.963089,0,0.398965,-0.539549,0.289861,-0.152387,-0.539549,0.46901,-0.493146,-0.539547,0,-0.152387,-0.539549,-0.46901,0.398965,-0.539549,-0.289861,0.284644,0.229779,0.848774,-0.723607,0.229779,0.525725,-0.723607,0.229779,-0.525725,0.276388,0.229779,-0.850649,0.894426,0.229779,-0,0.001771,0.320487,-0.062873,-0.044212,-0.850654,0.136076,0.115754,-0.850654,0.084099,0.144935,-0.582841,0.446053,0.46901,-0.526832,0,0.115754,-0.850654,-0.084099,-0.143079,-0.850653,0,-0.379436,-0.536035,0.275676,-0.044212,-0.850654,-0.136076,-0.412652,-0.536288,-0.275676,0.144935,-0.531741,-0.446053,0.951058,0,0.309013,0.951058,-0,-0.309013,0,0,1,0.587786,0,0.809017,-0.951058,0,0.309013,-0.587786,0,0.809017,-0.587786,-0,-0.809017,-0.951058,-0,-0.309013,0.587786,-0,-0.809017,0,-0,-1,0.688189,0.229779,0.499997,-0.262869,0.229779,0.809012,-0.850648,0.229779,-0,-0.262869,0.229779,-0.809012,0.688189,0.229779,-0.499997,0.160026,0.320487,0.514395,0.5233,0.320487,0.0144,-0.427753,0.320487,0.323411,-0.427753,0.320487,-0.294612,0.160026,0.320487,-0.485595],
    "uvs": [],
    "normals": [-0.009095,-0.999939,0,0.50148,-0.7987,0.332499,-0.205573,-0.798761,0.565386,0.590625,-0.722495,0.359325,0.699637,-0.714469,0,-0.608692,-0.793298,0.010407,-0.176794,-0.792566,-0.583544,0.49913,-0.788354,-0.3596,0.940519,-0.109775,0.321482,-0.25837,-0.721397,0.642476,0.209815,-0.734123,0.645741,-0.022248,-0.097171,0.994995,-0.687887,-0.725089,0.03177,-0.563677,-0.717277,0.409528,-0.950438,-0.107883,0.291543,-0.188543,-0.727592,-0.659566,-0.5674,-0.723228,-0.393597,-0.567919,-0.102206,-0.816675,0.553789,-0.732292,-0.396252,0.215735,-0.715934,-0.663961,0.597003,-0.108737,-0.794794,0.603595,-0.101047,0.790826,-0.571001,-0.107883,0.813807,-0.9523,-0.101413,-0.287729,-0.015809,-0.108737,-0.993927,0.940519,-0.109775,-0.321482,0.219642,0.718375,0.660054,0.514664,0.772362,0.372204,0.045076,0.988495,0.144322,-0.561998,0.719687,0.407605,-0.196142,0.771111,0.605701,-0.120518,0.988617,0.089908,-0.558824,0.722587,-0.406812,-0.634358,0.773003,-0.000336,-0.117771,0.989563,-0.082766,0.21308,0.723869,-0.656178,-0.195013,0.775292,-0.600726,0.043916,0.98999,-0.134037,0.691946,0.721946,-0.000732,0.511185,0.774926,-0.371685,0.145451,0.989349,0.002533,0,1,0]
}